Name,Status
CRIM_Model_0001.mei,Y
CRIM_Model_0002.mei,Y
CRIM_Model_0003.mei,Y
CRIM_Model_0004.mei,
CRIM_Model_0005.mei,
CRIM_Model_0006.mei,
CRIM_Model_0007.mei,
CRIM_Model_0008.mei,
CRIM_Model_0009.mei,
CRIM_Model_0010.mei,
CRIM_Model_0011.mei,
CRIM_Model_0012.mei,
CRIM_Model_0013.mei,
CRIM_Model_0014.mei,
CRIM_Model_0015.mei,
CRIM_Model_0016.mei,
CRIM_Model_0017.mei,
CRIM_Model_0018.mei,
CRIM_Model_0019.mei,
CRIM_Model_0020.mei,
CRIM_Model_0021.mei,
CRIM_Model_0022.mei,
CRIM_Model_0023.mei,
CRIM_Model_0024.mei,
CRIM_Mass_0001_1.mei,
CRIM_Mass_0001_2.mei,
CRIM_Mass_0001_3.mei,
CRIM_Mass_0001_4.mei,
CRIM_Mass_0001_5.mei,
CRIM_Mass_0002_1.mei,
CRIM_Mass_0002_2.mei,
CRIM_Mass_0002_3.mei,
CRIM_Mass_0002_4.mei,
CRIM_Mass_0002_5.mei,
CRIM_Mass_0003_1.mei,
CRIM_Mass_0003_2.mei,
CRIM_Mass_0003_3.mei,
CRIM_Mass_0003_4.mei,
CRIM_Mass_0003_5.mei,
CRIM_Mass_0004_1.mei,
CRIM_Mass_0004_2.mei,
CRIM_Mass_0004_3.mei,
CRIM_Mass_0004_4.mei,
CRIM_Mass_0004_5.mei,
CRIM_Mass_0005_1.mei,
CRIM_Mass_0005_2.mei,
CRIM_Mass_0005_3.mei,
CRIM_Mass_0005_4.mei,
CRIM_Mass_0005_5.mei,
CRIM_Mass_0006_1.mei,
CRIM_Mass_0006_2.mei,
CRIM_Mass_0006_3.mei,
CRIM_Mass_0006_4.mei,
CRIM_Mass_0006_5.mei,
CRIM_Mass_0007_1.mei,
CRIM_Mass_0007_2.mei,
CRIM_Mass_0007_3.mei,
CRIM_Mass_0007_4.mei,
CRIM_Mass_0007_5.mei,
CRIM_Mass_0008_1.mei,
CRIM_Mass_0008_2.mei,
CRIM_Mass_0008_3.mei,
CRIM_Mass_0008_4.mei,
CRIM_Mass_0008_5.mei,
CRIM_Mass_0009_1.mei,
CRIM_Mass_0009_2.mei,
CRIM_Mass_0009_3.mei,
CRIM_Mass_0009_4.mei,
CRIM_Mass_0009_5.mei,
CRIM_Mass_0010_1.mei,
CRIM_Mass_0010_2.mei,
CRIM_Mass_0010_3.mei,
CRIM_Mass_0010_4.mei,
CRIM_Mass_0010_5.mei,
CRIM_Mass_0011_1.mei,
CRIM_Mass_0011_2.mei,
CRIM_Mass_0011_3.mei,
CRIM_Mass_0011_4.mei,
CRIM_Mass_0011_5.mei,
CRIM_Mass_0012_1.mei,
CRIM_Mass_0012_2.mei,
CRIM_Mass_0012_3.mei,
CRIM_Mass_0012_4.mei,
CRIM_Mass_0012_5.mei,
CRIM_Mass_0013_1.mei,
CRIM_Mass_0013_2.mei,
CRIM_Mass_0013_3.mei,
CRIM_Mass_0013_4.mei,
CRIM_Mass_0013_5.mei,
CRIM_Mass_0014_1.mei,
CRIM_Mass_0014_2.mei,
CRIM_Mass_0014_3.mei,
CRIM_Mass_0014_4.mei,
CRIM_Mass_0014_5.mei,
CRIM_Mass_0015_1.mei,
CRIM_Mass_0015_2.mei,
CRIM_Mass_0015_3.mei,
CRIM_Mass_0015_4.mei,
CRIM_Mass_0015_5.mei,
CRIM_Mass_0016_1.mei,
CRIM_Mass_0016_2.mei,
CRIM_Mass_0016_3.mei,
CRIM_Mass_0016_4.mei,
CRIM_Mass_0016_5.mei,
CRIM_Mass_0017_1.mei,
CRIM_Mass_0017_2.mei,
CRIM_Mass_0017_3.mei,
CRIM_Mass_0017_4.mei,
CRIM_Mass_0017_5.mei,
CRIM_Mass_0018_1.mei,
CRIM_Mass_0018_2.mei,
CRIM_Mass_0018_3.mei,
CRIM_Mass_0018_4.mei,
CRIM_Mass_0018_5.mei,
CRIM_Mass_0019_1.mei,
CRIM_Mass_0019_2.mei,
CRIM_Mass_0019_3.mei,
CRIM_Mass_0019_4.mei,
CRIM_Mass_0019_5.mei,
CRIM_Mass_0020_1.mei,
CRIM_Mass_0020_2.mei,
CRIM_Mass_0020_3.mei,
CRIM_Mass_0020_4.mei,
CRIM_Mass_0020_5.mei,
CRIM_Mass_0021_1.mei,
CRIM_Mass_0021_2.mei,
CRIM_Mass_0021_3.mei,
CRIM_Mass_0021_4.mei,
CRIM_Mass_0021_5.mei,
CRIM_Mass_0022_1.mei,
CRIM_Mass_0022_2.mei,
CRIM_Mass_0022_3.mei,
CRIM_Mass_0022_4.mei,
CRIM_Mass_0022_5.mei,
